Question,Answer
"1.  **Original Question:** In what year did leaders from 193 countries come together to create the Sustainable Development Goals (SDGs)? What was the primary motivation behind creating these goals?
    *   **Refined Question:** While the text doesn't explicitly state the year the SDGs were created, it mentions 193 countries agreed on the goals. Based on your understanding of the broader context of the SDGs (which may come from outside this document), what year were the SDGs formally adopted? What is the overarching aim of the SDGs, considering the challenges of poverty, inequality, and environmental degradation?","Leaders from 193 countries came together in the year 2015 to create the Sustainable Development Goals (SDGs). The primary motivation behind creating these goals was to address daunting global challenges such as famines, drought, wars, plagues, and poverty, with the aim of creating a better future for all."
"2.  **Original Question:** What is the timeframe set for achieving the Sustainable Development Goals (SDGs)?
    *   **Refined Question:** The text mentions a target date for achieving the SDGs. What is this target year?",The target year for achieving the Sustainable Development Goals (SDGs) is 2030.
"3.  **Original Question:** Name at least three specific global challenges that the SDGs aim to address.
    *   **Refined Question:** Based on the provided text, identify at least three specific global challenges the SDGs aim to address, drawing from issues like climate change, marine degradation, terrestrial ecosystem loss, and peace/justice.","Based on the provided text, here are three specific global challenges that the SDGs aim to address:

1.  **Climate Change:** The SDGs aim to limit the increase in global mean temperature and avoid the worst effects of climate change.
2.  **Marine Degradation:** The SDGs address the overexploitation of fish stocks, ocean acidification due to increased carbon dioxide, and plastic litter in the oceans.
3.  **Poverty and Hunger:** The SDGs aim to rid the world of poverty and hunger."
"4.  **Original Question:** What is the UNDP's role in relation to the SDGs?
    *   **Refined Question:** The text mentions UNDP and provides a website. What kind of actions does UNDP encourage individuals to take in support of the SDGs, based on the information provided?","Based on the information provided, the UNDP encourages individuals to take the following actions in support of the SDGs:

*   Go shopping for SDG merchandise at shop.undp.org to show off the goals you’re most passionate about.
*   Make a donation. Visit undp.org/takeaction to donate.
*   Start a fundraiser. Visit undp.org/takeaction to learn more about fundraising.
*   Spread the word by searching for @UNDP on Twitter, Facebook and Instagram, and share the content you love."
"5.  **Original Question:** What was the global commitment made in 2000 regarding extreme poverty, and was it achieved by 2015?
    *   **Refined Question:** This question requires outside knowledge. The provided text doesn't directly address a 2000 commitment. Therefore, we will not refine it.","In 2000, the world committed to halving the number of people living in extreme poverty by the year 2015, and this goal was met."
"6.  **Original Question:** What are some of the strategies mentioned in the text for ending hunger and malnutrition?
    *   **Refined Question:** The text doesn't explicitly focus on hunger and malnutrition. Therefore, we will not refine it.",The text mentions promoting sustainable agriculture and supporting small farmers as strategies to end hunger and malnutrition.
"7.  **Original Question:** What progress has been made in the 25 years leading up to the SDGs in the area of health? What are some remaining challenges?
    *   **Refined Question:** This question requires outside knowledge. The provided text doesn't directly address health. Therefore, we will not refine it.","In the 25 years before the SDGs, preventable child deaths dropped by more than half, and maternal mortality went down by almost as much. However, some numbers remain tragically high, like the fact that 6 million children die every year before their fifth birthday, or that AIDS is the leading cause of death for adolescents in sub-Saharan Africa."
"8.  **Original Question:** What is the disparity in education rates between children from the poorest and richest households, and what progress has been made in primary education since 2000?
    *   **Refined Question:** This question requires outside knowledge. The provided text doesn't directly address education. Therefore, we will not refine it.","The disparity in education rates between children from the poorest and richest households is significant; kids from the poorest households are four times more likely to be out of school than those from the richest households. Since 2000, there has been enormous progress in providing primary education to all children worldwide, with the total enrollment rate in developing regions reaching 91%."
"9.  **Original Question:** What are some of the inequalities faced by women and girls, and what are some grounds for hope in achieving gender equality?
    *   **Refined Question:** This question requires outside knowledge. The provided text doesn't directly address gender equality. Therefore, we will not refine it.","Women and girls face inequalities in work and wages, lots of unpaid “women’s work” such as child care and domestic work, and discrimination in public decision-making. But there are grounds for hope. More girls are in school now compared to in 2000. Most regions have reached gender parity in primary education and the percentage of women getting paid for their work is on the rise. The Sustainable Development Goals aim to build on these achievements to ensure that there is an end to discrimination against women and girls everywhere."
"10. **Original Question:** What are some of the challenges and potential solutions related to ensuring access to clean water and sanitation for all?
    *   **Refined Question:** The text doesn't explicitly focus on water and sanitation. Therefore, we will not refine it.","Challenges: Water scarcity affects more than 40% of people around the world, and that number is projected to go even higher as a result of climate change. By 2050, at least one in four people are likely to be affected by recurring water shortages if we continue on our current path.

Potential Solutions: More international cooperation, protecting wetlands and rivers, and sharing water-treatment technologies."
1.  The text highlights unsustainable consumption patterns. What specific actions are suggested to address this issue and promote more responsible consumption?,"To address unsustainable consumption patterns and promote more responsible consumption, the text suggests the following actions:

*   Manage natural resources more efficiently.
*   Improve the disposal of toxic waste.
*   Cut per capita food waste in half globally.
*   Encourage businesses and consumers to reduce and recycle waste.
*   Help countries that have not typically consumed a lot to move towards more responsible consumption patterns."
"2.  According to the text, how do oceans contribute to mitigating climate change? What is one significant threat to the health of the oceans mentioned in the text, and what is its cause?","Oceans absorb about 30 percent of the carbon dioxide that humans produce. A significant threat to the health of the oceans is that we’re producing more carbon dioxide than ever before and that makes the oceans more acidic—26% more, since the start of the industrial revolution."
"3.  The text discusses the importance of terrestrial ecosystems. What percentage of the human diet is made up of plant life, according to the text? What critical roles do forests play in maintaining a healthy planet?","According to the text, plant life makes up 80% of the human diet. Forests, which cover 30% of the Earth’s surface, help keep the air and water clean and the Earth’s climate in balance."
"4.  What does the text suggest is necessary for countries to develop and thrive, and what are some factors that hinder this development in certain parts of the world?","For countries to develop and thrive, the text suggests the necessity of peace, justice, human rights, and government based on the rule of law. Factors that hinder this development in certain parts of the world include armed conflict, crime, torture, and exploitation."
"5.  The text acknowledges the ambitious nature of the SDGs. What factors are presented as reasons for optimism in achieving these goals, despite their scale?","The text presents the following factors as reasons for optimism in achieving the SDGs, despite their scale:

*   **Increased global interconnectedness:** The world is more interconnected today than ever before, thanks to the internet, travel, and global institutions.
*   **Growing consensus on climate change:** There’s a growing consensus about the need to work together to stop climate change.
*   **Agreement among nations:** 193 countries agreed on the Sustainable Development Goals."
